[24; 52; 44; 43; 13; 52; 53; 11; 12; 21; 33; 21; 32; 31; 32; 25; 51; 51; 22; 14; 41; 31; 54; 54; 12; 14; 41; 51; 42; 23; 53; 21; 11; 33; 11; 34; 15; 42; 55; 35]
[24; 52; 44; 43; 13; 52; 53; 11; 12; 21; 33; 21; 32; 31; 32; 25; 51; 51; 22; 14; 41; 31; 54; 54; 12; 14; 41; 51; 42; 23; 53; 21; 11; 33; 11; 34; 15; 42; 55; 35]
[24; 52; 44; 43; 13; 52; 53; 11; 12; 21; 33; 21; 32; 31; 32; 25; 51; 51; 22; 14; 41; 31; 54; 54; 12; 14; 41; 51; 42; 23; 53; 21; 11; 33; 11; 34; 15; 42; 55]
[24; 52; 44; 43; 13; 52; 53; 11; 12; 21; 33; 21; 32; 31; 32; 25; 51; 51; 22; 14; 41; 31; 54; 54; 12; 14; 41; 51; 42; 23; 53; 21; 11; 33; 11; 34; 15; 42]
[24; 52; 44; 43; 13; 52; 53; 11; 12; 21; 33; 21; 32; 31; 32; 25; 51; 51; 22; 14; 41; 31; 54; 54; 12; 14; 41; 51; 42; 23; 53; 21; 11; 33; 11; 34; 15; 42]
[24; 52; 44; 43; 13; 52; 53; 11; 12; 21; 33; 21; 32; 31; 32; 25; 51; 51; 22; 14; 41; 31; 54; 54; 12; 14; 41; 51; 42; 23; 53; 21; 11; 33; 11; 34; 15]
[24; 52; 44; 43; 13; 52; 53; 11; 12; 21; 33; 21; 32; 31; 32; 25; 51; 51; 22; 14; 41; 31; 54; 54; 12; 14; 41; 51; 42; 23; 53; 21; 11; 33; 11; 34; 15]
[24; 52; 44; 43; 13; 52; 53; 11; 12; 21; 33; 21; 32; 31; 32; 25; 51; 51; 22; 14; 41; 31; 54; 54; 12; 14; 41; 51; 42; 23; 53; 21; 11; 33; 11; 34]
[24; 52; 44; 43; 13; 52; 53; 11; 12; 21; 33; 21; 32; 31; 32; 25; 51; 51; 22; 14; 41; 31; 54; 54; 12; 14; 41; 51; 42; 23; 53; 21; 11; 33; 11]
[24; 52; 44; 43; 13; 52; 53; 11; 12; 21; 33; 21; 32; 31; 32; 25; 51; 51; 22; 14; 41; 31; 54; 54; 12; 14; 41; 51; 42; 23; 53; 21; 11; 33; 11]
[24; 52; 44; 43; 13; 52; 53; 11; 12; 21; 33; 21; 32; 31; 32; 25; 51; 51; 22; 14; 41; 31; 54; 54; 12; 14; 41; 51; 42; 23; 53; 21; 11; 33]
[24; 52; 44; 43; 13; 52; 53; 11; 12; 21; 33; 21; 32; 31; 32; 25; 51; 51; 22; 14; 41; 31; 54; 54; 12; 14; 41; 51; 42; 23; 53; 21; 11; 33]
[24; 52; 44; 43; 13; 52; 53; 11; 12; 21; 33; 21; 32; 31; 32; 25; 51; 51; 22; 14; 41; 31; 54; 54; 12; 14; 41; 51; 42; 23; 53; 21; 11]
[24; 52; 44; 43; 13; 52; 53; 11; 12; 21; 33; 21; 32; 31; 32; 25; 51; 51; 22; 14; 41; 31; 54; 54; 12; 14; 41; 51; 42; 23; 53; 21]
[24; 52; 44; 43; 13; 52; 53; 11; 12; 21; 33; 21; 32; 31; 32; 25; 51; 51; 22; 14; 41; 31; 54; 54; 12; 14; 41; 51; 42; 23; 53; 21]
[24; 52; 44; 43; 13; 52; 53; 11; 12; 21; 33; 21; 32; 31; 32; 25; 51; 51; 22; 14; 41; 31; 54; 54; 12; 14; 41; 51; 42; 23; 53]
[24; 52; 44; 43; 13; 52; 53; 11; 12; 21; 33; 21; 32; 31; 32; 25; 51; 51; 22; 14; 41; 31; 54; 54; 12; 14; 41; 51; 42; 23; 53]
[24; 52; 44; 43; 13; 52; 53; 11; 12; 21; 33; 21; 32; 31; 32; 25; 51; 51; 22; 14; 41; 31; 54; 54; 12; 14; 41; 51; 42; 23]
[24; 52; 44; 43; 13; 52; 53; 11; 12; 21; 33; 21; 32; 31; 32; 25; 51; 51; 22; 14; 41; 31; 54; 54; 12; 14; 41; 51; 42]
[24; 52; 44; 43; 13; 52; 53; 11; 12; 21; 33; 21; 32; 31; 32; 25; 51; 51; 22; 14; 41; 31; 54; 54; 12; 14; 41; 51; 42]
[24; 52; 44; 43; 13; 52; 53; 11; 12; 21; 33; 21; 32; 31; 32; 25; 51; 51; 22; 14; 41; 31; 54; 54; 12; 14; 41; 51]
[24; 52; 44; 43; 13; 52; 53; 11; 12; 21; 33; 21; 32; 31; 32; 25; 51; 51; 22; 14; 41; 31; 54; 54; 12; 14; 41; 51]
[24; 52; 44; 43; 13; 52; 53; 11; 12; 21; 33; 21; 32; 31; 32; 25; 51; 51; 22; 14; 41; 31; 54; 54; 12; 14; 41]
[24; 52; 44; 43; 13; 52; 53; 11; 12; 21; 33; 21; 32; 31; 32; 25; 51; 51; 22; 14; 41; 31; 54; 54; 12; 14; 41]
[24; 52; 44; 43; 13; 52; 53; 11; 12; 21; 33; 21; 32; 31; 32; 25; 51; 51; 22; 14; 41; 31; 54; 54; 12; 14]
[24; 52; 44; 43; 13; 52; 53; 11; 12; 21; 33; 21; 32; 31; 32; 25; 51; 51; 22; 14; 41; 31; 54; 54; 12; 14]
[24; 52; 44; 43; 13; 52; 53; 11; 12; 21; 33; 21; 32; 31; 32; 25; 51; 51; 22; 14; 41; 31; 54; 54; 12]
[24; 52; 44; 43; 13; 52; 53; 11; 12; 21; 33; 21; 32; 31; 32; 25; 51; 51; 22; 14; 41; 31; 54; 54]
[24; 52; 44; 43; 13; 52; 53; 11; 12; 21; 33; 21; 32; 31; 32; 25; 51; 51; 22; 14; 41; 31; 54; 54]
[24; 52; 44; 43; 13; 52; 53; 11; 12; 21; 33; 21; 32; 31; 32; 25; 51; 51; 22; 14; 41; 31; 54]
[24; 52; 44; 43; 13; 52; 53; 11; 12; 21; 33; 21; 32; 31; 32; 25; 51; 51; 22; 14; 41; 31; 54]
[24; 52; 44; 43; 13; 52; 53; 11; 12; 21; 33; 21; 32; 31; 32; 25; 51; 51; 22; 14; 41; 31]
[24; 52; 44; 43; 13; 52; 53; 11; 12; 21; 33; 21; 32; 31; 32; 25; 51; 51; 22; 14; 41]
[24; 52; 44; 43; 13; 52; 53; 11; 12; 21; 33; 21; 32; 31; 32; 25; 51; 51; 22; 14; 41]
[24; 52; 44; 43; 13; 52; 53; 11; 12; 21; 33; 21; 32; 31; 32; 25; 51; 51; 22; 14]
[24; 52; 44; 43; 13; 52; 53; 11; 12; 21; 33; 21; 32; 31; 32; 25; 51; 51; 22]
[24; 52; 44; 43; 13; 52; 53; 11; 12; 21; 33; 21; 32; 31; 32; 25; 51; 51]
[24; 52; 44; 43; 13; 52; 53; 11; 12; 21; 33; 21; 32; 31; 32; 25; 51]
[24; 52; 44; 43; 13; 52; 53; 11; 12; 21; 33; 21; 32; 31; 32; 25; 51]
[24; 52; 44; 43; 13; 52; 53; 11; 12; 21; 33; 21; 32; 31; 32; 25]
[24; 52; 44; 43; 13; 52; 53; 11; 12; 21; 33; 21; 32; 31; 32]
[24; 52; 44; 43; 13; 52; 53; 11; 12; 21; 33; 21; 32; 31; 32]
[24; 52; 44; 43; 13; 52; 53; 11; 12; 21; 33; 21; 32; 31]
[24; 52; 44; 43; 13; 52; 53; 11; 12; 21; 33; 21; 32; 31]
[24; 52; 44; 43; 13; 52; 53; 11; 12; 21; 33; 21; 32]
[24; 52; 44; 43; 13; 52; 53; 11; 12; 21; 33; 21]
[24; 52; 44; 43; 13; 52; 53; 11; 12; 21; 33]
[24; 52; 44; 43; 13; 52; 53; 11; 12; 21]
[24; 52; 44; 43; 13; 52; 53; 11; 12; 21]
[24; 52; 44; 43; 13; 52; 53; 11; 12]
[24; 52; 44; 43; 13; 52; 53; 11]
[24; 52; 44; 43; 13; 52; 53; 11]
[24; 52; 44; 43; 13; 52; 53]
[24; 52; 44; 43; 13; 52; 53]
[24; 52; 44; 43; 13; 52]
[24; 52; 44; 43; 13; 52]
[24; 52; 44; 43; 13]
[24; 52; 44; 43; 13]
[24; 52; 44; 43]
[24; 52; 44; 43]
[24; 52; 44]
[24; 52; 44]
[24; 52]
[24]
[]
[]
